<?xml version="1.0" encoding="UTF-8"?>
<hibernate-configuration>
<session-factory>
    <!-- Oracle Dialect -->
    <property name="hibernate.dialect">org.hibernate.dialect.MySQL8Dialect</property>
    <!-- Database Connection Settings -->
    <property name="hibernate.connection.driver_class">com.mysql.jdbc.Driver</property>
    <property name="hibernate.connection.url">jdbc:mysql://localhost:3305/wipro?characterEncoding=utf8</property>
    <property name="hibernate.connection.username">root</property>
    <property name="hibernate.connection.password">ROOT</property>
    <!-- To echo / show all executed queries on server output -->
    <property name="hibernate.show_sql">true</property>
    <!-- Used to Create or Alter Table  -->
    <!-- Given class structure not present in the database persist / save - insert
    update - update
    delete - delete 
    get / load - select record by ID (primary key) -->
       <property name="hibernate.hbm2ddl.auto">create</property>     

    <property name="hibernate.enable_lazy_load_no_trans">true</property>
    <!-- Mapping file entry
    <mapping resource="Mappings.hbm.xml"/>
    <mapping class="com.wipro.bean.Mappings3"/>
    <mapping class="com.wipro.bean.Countries"/>
         <mapping class="com.wipro.bean.Mappings2"/>
    <mapping class="com.wipro.bean.MultiCarOwner"/>
        <mapping class="com.wipro.bean.Mappings4"/>
    <mapping class="com.wipro.bean.Passport"/>  -->
         <mapping class="com.wipro.bean.Mappings5"/>
    <mapping class="com.wipro.bean.Address"/>
 
</session-factory>
</hibernate-configuration>