<?xml version="1.0" encoding="UTF-8"?>
<!DOCTYPE hibernate-configuration 
PUBLIC "-//Hibernate/Hibernate Configuration DTD 3.0//EN" 
"http://hibernate.sourceforge.net/hibernate-mapping-3.0.dtd">
<hibernate-mapping>
<class name="com.wipro.bean.Product" table="Product">
<id name="ProductId" column="ProductId" type="int" >
<generator class="native"></generator>
</id>
<property name="ProductName" column="ProdcutName" type="string" not-null="true"></property>
<property name="Price" column="Price" type="java.lang.Double" not-null="true"></property>
</class>
</hibernate-mapping>