<?xml version="1.0" encoding="UTF-8"?>
<hibernate-mapping>
<class name="com.wipro.bean.Annotation2" table="Car_Details">
<id name="slno" column="slno" type="int" >
<generator class="native"></generator>
</id>
<property name="RegNo" column="Regno" type="string" not-null="true"></property>
<property name="Model" column="Model" type="string" not-null="true"></property>
<property name="Color" column="Color" type="string" not-null="true"></property>
<property name="Manufacturer" column="Manufacturer" type="string" not-null="true"></property>
</class>
</hibernate-mapping>