<?xml version="1.0" encoding="UTF-8"?>
<beans xmlns="http://www.springframework.org/schema/beans"
xmlns:xsi="http://www.w3.org/2001/XMLSchema-instance"
xmlns:aop="http://www.springframework.org/schema/aop"
xmlns:context="http://www.springframework.org/schema/context"
xmlns:jee="http://www.springframework.org/schema/jee"
xmlns:mvc="http://www.springframework.org/schema/mvc"
xmlns:lang="http://www.springframework.org/schema/lang"
xmlns:p="http://www.springframework.org/schema/p"
xmlns:tx="http://www.springframework.org/schema/tx"
xmlns:util="http://www.springframework.org/schema/util"
xsi:schemaLocation="http://www.springframework.org/schema/beans 
http://www.springframework.org/schema/beans/spring-beans.xsd
http://www.springframework.org/schema/aop 
http://www.springframework.org/schema/aop/spring-aop.xsd
http://www.springframework.org/schema/context 
http://www.springframework.org/schema/context/spring-context.xsd
http://www.springframework.org/schema/jee 
http://www.springframework.org/schema/jee/spring-jee.xsd
http://www.springframework.org/schema/lang 
http://www.springframework.org/schema/lang/spring-lang.xsd
http://www.springframework.org/schema/tx 
http://www.springframework.org/schema/tx/spring-tx.xsd
http://www.springframework.org/schema/util
http://www.springframework.org/schema/util/spring-util.xsd">

        <context:component-scan base-package="com.wipro"/>
        
        <bean class="org.springframework.web.servlet.view.InternalResourceViewResolver">
        <property name="prefix">
        <value>/WEB-INF/views/</value>
        </property>
        <property name="suffix">
        <value>.jsp</value>
        </property>
        </bean>
 
  <bean id="dataSource" class="org.apache.commons.dbcp.BasicDataSource" destroy-method="close">
  <property name="driverClassName" value="com.mysql.jdbc.Driver"/>
  <property name="url" value="jdbc:mysql://localhost:3305/wipro"/>
  <property name="username" value="root"/>
  <property name="password" value="ROOT"/> 
  </bean>
  
  <bean id="sessionFactory" class="org.springframework.orm.hibernate5.LocalSessionFactoryBean">
  <property name="dataSource" ref="dataSource"/>
  <property name="hibernateProperties">
  	<props>
  		<prop key="hibernate.dialect">org.hibernate.dialect.MySQL8Dialect</prop>
  		<prop key="hibernate.show_sql">true</prop>
  		<prop key="hibernate.hbm2ddl.auto">update</prop>
  	</props>
  </property>
  <property name="packagesToScan" value="com.wipro.bean"/>
  </bean>
  
  <bean id="hibernateTemplate" class="org.springframework.orm.hibernate5.HibernateTemplate">
  <property name="sessionFactory" ref="sessionFactory">
  </property> 
  </bean>
  
  <tx:annotation-driven/> 
  <bean id="transactionManager" class="org.springframework.orm.hibernate5.HibernateTransactionManager">
  <property name="sessionFactory" ref="sessionFactory"/>
  </bean>
  
  </beans>